{"cameraMode":{"drawMode":0,"name":"Shaded","section":"Shading Mode"},"sceneLighting":true,"audioPlay":false,"sceneViewState":{"m_AlwaysRefresh":false,"showFog":true,"showSkybox":false,"showFlares":true,"showImageEffects":true,"showParticleSystems":true,"showVisualEffectGraphs":true,"m_FxEnabled":true},"in2DMode":false,"pivot":{"x":21.353614807128908,"y":36.22592544555664,"z":21.85303497314453},"rotation":{"x":-0.2748108208179474,"y":0.12417419254779816,"z":-0.035815220326185229,"w":-0.9527769088745117},"size":0.0003902300668414682,"orthographic":false}