{"cameraMode":{"drawMode":0,"name":"Shaded","section":"Shading Mode"},"sceneLighting":true,"audioPlay":false,"sceneViewState":{"m_AlwaysRefresh":false,"showFog":true,"showSkybox":false,"showFlares":true,"showImageEffects":true,"showParticleSystems":true,"showVisualEffectGraphs":true,"m_FxEnabled":true},"in2DMode":false,"pivot":{"x":-4.617982864379883,"y":2.3564810752868654,"z":3.0226449966430666},"rotation":{"x":0.049239836633205417,"y":-0.1481640785932541,"z":0.007378383073955774,"w":0.9877184629440308},"size":2.4132254123687746,"orthographic":false}